Enlem,Boylam,Cluster,Restoran Çeşidi
41.0191026,28.957953,Ucuz Restoran,Tekne-Event Hall-Catering
40.9650512,29.0720682,Orta Halli Restoran,Modern Pub & Bistro
40.98879597,29.02450808,Ucuz Restoran,Geleneksel Meyhane
40.9891074,29.0281043,Ucuz Restoran,Modern Pub & Bistro
40.9651406,29.0884315,Zengin Restoran,Pub & Bistro & Kokteyl Bar
40.9980243,29.0997775,Orta Halli Restoran,Modern Pub & Bistro
40.9855701,29.1006379,Orta Halli Restoran,Modern Pub & Bistro
40.96463821,29.07332479,Orta Halli Restoran,Modern Pub & Bistro
40.99415281,29.11031373,Orta Halli Restoran,Modern Pub & Bistro
40.9984082,29.0999834,Orta Halli Restoran,Modern Pub & Bistro
40.9902554,29.0253911,Orta Halli Restoran,Balık
40.9937287,29.1228661,Orta Halli Restoran,Modern Pub & Bistro
40.989237,29.0282127,Ucuz Restoran,Geleneksel Meyhane
41.0263634,29.1286955,Orta Halli Restoran,Modern Pub & Bistro
40.96688026,29.06773643,Orta Halli Restoran,Modern Pub & Bistro
40.95795004,29.08185923,Orta Halli Restoran,Pub & Bistro & Kokteyl Bar
40.9697692,29.05331426,Orta Halli Restoran,Askeri Birlik-Sosyal Tesis
40.96484978,29.07149691,Orta Halli Restoran,Pub & Bistro & Kokteyl Bar
40.9734073,29.0984399,Zengin Restoran,Kebap
41.054384,29.052033,Zengin Restoran,Balık
41.0444681,29.0438796,Zengin Restoran,Balık
40.9762786,29.0406828,Zengin Restoran,Balık
41.0036086,29.0708377,Orta Halli Restoran,Modern Pub & Bistro
40.9764706,29.0396014,Zengin Restoran,Kebap
40.9750052,29.0468359,Zengin Restoran,Kebap
40.9864332,29.1037979,Orta Halli Restoran,Kebap
41.0680246,29.0058102,Orta Halli Restoran,Modern Pub & Bistro
40.9955166,29.1071783,Orta Halli Restoran,Kebap
40.9595084,29.07301,Zengin Restoran,Kebap
40.9672799,29.0652276,Orta Halli Restoran,Pub & Bistro & Kokteyl Bar
40.9763135,29.040666,Orta Halli Restoran,Modern Pub & Bistro
41.0323431,29.0402431,Zengin Restoran,Kebap
40.967289,29.065869,Orta Halli Restoran,Fine Dining (D.Mutf-Şar.Evi)
40.9672467,29.0634616,Orta Halli Restoran,Kebap
40.964967,29.072581,Orta Halli Restoran,Modern Pub & Bistro
40.9593499,29.0844223,Zengin Restoran,Modern Pub & Bistro
40.9585258,29.0849589,Zengin Restoran,Fine Dining (D.Mutf-Şar.Evi)
40.9523258,29.0969059,Zengin Restoran,Kebap
40.9675888,29.066129,Zengin Restoran,Kebap
40.9791697,29.0233848,Zengin Restoran,Askeri Birlik-Sosyal Tesis
40.9634236,29.0770693,Orta Halli Restoran,Modern Pub & Bistro
40.9874166,29.1188738,Zengin Restoran,Balık
40.9999627,29.1432002,Orta Halli Restoran,Kebap
40.9718,29.0475,Zengin Restoran,Balık
40.9640945,29.0756064,Orta Halli Restoran,Fine Dining (D.Mutf-Şar.Evi)
40.9896761,29.0283228,Zengin Restoran,Yeni Nesil Meyhane
40.97392,29.046129,Zengin Restoran,Kebap
40.9873587,29.0260049,Zengin Restoran,Fine Dining (D.Mutf-Şar.Evi)
40.9574838,29.0872196,Zengin Restoran,Pub & Bistro & Kokteyl Bar
40.9553719,29.0891683,Orta Halli Restoran,Kebap
40.977344,29.04171,Zengin Restoran,Modern Pub & Bistro
40.9572091,29.0875839,Orta Halli Restoran,Fine Dining (D.Mutf-Şar.Evi)
40.9568951,29.0801473,Zengin Restoran,Balık
40.9594462,29.072956,Zengin Restoran,Yeni Nesil Meyhane
40.9671797,29.0654234,Orta Halli Restoran,Modern Pub & Bistro
40.985489,29.107654,Zengin Restoran,Kebap
41.0007027,29.0548519,Orta Halli Restoran,Modern Pub & Bistro
40.9871309,29.0854914,Zengin Restoran,Yeni Nesil Meyhane
40.9923266,29.1158863,Orta Halli Restoran,Fine Dining (D.Mutf-Şar.Evi)
40.9854827,29.0255633,Orta Halli Restoran,Fine Dining (D.Mutf-Şar.Evi)
40.9710375,29.0391927,Zengin Restoran,Kebap
41.1046902,28.9860565,Orta Halli Restoran,Fine Dining (D.Mutf-Şar.Evi)
41.0563988,29.052623,Zengin Restoran,Balık
40.974362,29.042106,Zengin Restoran,Yeni Nesil Meyhane
40.9607696,29.0746858,Zengin Restoran,Modern Pub & Bistro
40.9615885,29.0844139,Zengin Restoran,Modern Pub & Bistro
40.9744192,29.0471358,Orta Halli Restoran,Pub & Bistro & Kokteyl Bar
40.9739556,29.055654,Orta Halli Restoran,Pub & Bistro & Kokteyl Bar
40.9812812,29.1073989,Orta Halli Restoran,Modern Pub & Bistro
40.982905,29.0328513,Orta Halli Restoran,Geleneksel Meyhane
40.979471,29.024052,Zengin Restoran,Tekne-Event Hall-Catering
40.9871164,29.1113246,Orta Halli Restoran,Pub & Bistro & Kokteyl Bar
40.971751,29.060118,Zengin Restoran,Kebap
40.9801066,29.0245649,Zengin Restoran,Balık
41.00067,29.1021579,Zengin Restoran,Balık
40.9568008,29.0803663,Zengin Restoran,Modern Pub & Bistro
40.991095,29.1323452,Orta Halli Restoran,Kebap
40.9896828,29.0283837,Zengin Restoran,Geleneksel Meyhane
40.988487,29.023012,Orta Halli Restoran,Fine Dining (D.Mutf-Şar.Evi)
40.9642505,29.0702204,Zengin Restoran,Modern Pub & Bistro
40.9641596,29.0754771,Orta Halli Restoran,Modern Pub & Bistro
40.981293,29.02255,Zengin Restoran,Fine Dining (D.Mutf-Şar.Evi)
40.958363,29.086557,Orta Halli Restoran,Modern Pub & Bistro
40.9634949,29.0765373,Zengin Restoran,Pub & Bistro & Kokteyl Bar
40.971422,29.0524539,Orta Halli Restoran,Modern Pub & Bistro
40.9877396,29.0247453,Orta Halli Restoran,Fine Dining (D.Mutf-Şar.Evi)
40.9569106,29.0881585,Zengin Restoran,Modern Pub & Bistro
40.9538889,29.0936111,Zengin Restoran,Geleneksel Meyhane
40.973718,29.045956,Zengin Restoran,Balık
40.9693163,29.0336236,Orta Halli Restoran,Tekne-Event Hall-Catering
41.0462166,29.0494265,Zengin Restoran,Balık
41.0274,29.0423,Orta Halli Restoran,Modern Pub & Bistro
40.9838722,29.026349,Zengin Restoran,Fine Dining (D.Mutf-Şar.Evi)
40.9741371,29.0361424,Zengin Restoran,Yeni Nesil Meyhane
40.9573639,29.0807648,Zengin Restoran,Gece Kulübü
40.998656,29.099195,Zengin Restoran,Kebap
40.9682196,29.0578166,Orta Halli Restoran,Balık
40.986026,29.100493,Orta Halli Restoran,Modern Pub & Bistro
40.988133,29.027021,Orta Halli Restoran,Modern Pub & Bistro
40.9536972,29.0900323,Zengin Restoran,Balık
40.9567002,29.08026709,Zengin Restoran,Kebap
40.9936105,29.120838,Orta Halli Restoran,Fine Dining (D.Mutf-Şar.Evi)
40.9591732,29.0727477,Zengin Restoran,Balık
41.0099008,29.0409006,Orta Halli Restoran,Yeni Nesil Meyhane
41.0055216,29.046431,Orta Halli Restoran,Balık
40.9800302,29.039361,Orta Halli Restoran,Kebap
40.99793436,29.10033471,Orta Halli Restoran,Tekne-Event Hall-Catering
40.9889112,29.0247242,Orta Halli Restoran,Modern Pub & Bistro
40.9882664,29.0267312,Orta Halli Restoran,Pub & Bistro & Kokteyl Bar
40.9868727,29.0275439,Orta Halli Restoran,Modern Pub & Bistro
40.9989172,29.0972357,Orta Halli Restoran,Kebap
41.0041616,29.0714556,Orta Halli Restoran,Modern Pub & Bistro
40.9774068,29.040992,Orta Halli Restoran,Fine Dining (D.Mutf-Şar.Evi)
41.0262534,29.1267048,Orta Halli Restoran,Modern Pub & Bistro
40.9569801,29.0808007,Zengin Restoran,Modern Pub & Bistro
40.9659792,29.0711118,Orta Halli Restoran,Modern Pub & Bistro
41.0088673,29.0363931,Orta Halli Restoran,Kebap
40.985171,29.0981252,Orta Halli Restoran,Kebap
41.076341,29.0182846,Zengin Restoran,Askeri Birlik-Sosyal Tesis
40.9867047,29.0266333,Orta Halli Restoran,Modern Pub & Bistro
40.9822099,29.0229742,Orta Halli Restoran,Kebap
40.974299,29.0550845,Orta Halli Restoran,Modern Pub & Bistro
40.9863782,29.0264087,Orta Halli Restoran,Modern Pub & Bistro
40.989946,29.117554,Orta Halli Restoran,Balık
40.9595843,29.0732305,Zengin Restoran,Kebap
40.9770361,29.0409246,Zengin Restoran,Kebap
40.9687501,29.0323955,Orta Halli Restoran,Askeri Birlik-Sosyal Tesis
40.9691806,29.0373689,Orta Halli Restoran,Askeri Birlik-Sosyal Tesis
40.9880871,29.0269302,Orta Halli Restoran,Pub & Bistro & Kokteyl Bar
40.9890925,29.0218696,Orta Halli Restoran,Modern Pub & Bistro
40.9898381,29.0277534,Orta Halli Restoran,Geleneksel Meyhane
40.9710212,29.0391451,Orta Halli Restoran,Modern Pub & Bistro
40.9872744,29.0275117,Orta Halli Restoran,Modern Pub & Bistro
40.9891099,29.0281668,Orta Halli Restoran,Geleneksel Meyhane
40.960283,29.083699,Orta Halli Restoran,Pub & Bistro & Kokteyl Bar
40.9796676,29.0445773,Orta Halli Restoran,Balık
41.0019395,29.0550198,Orta Halli Restoran,Modern Pub & Bistro
40.9882272,29.0239289,Orta Halli Restoran,Modern Pub & Bistro
40.9568313,29.080295,Orta Halli Restoran,Modern Pub & Bistro
40.9893869,29.140792,Orta Halli Restoran,Modern Pub & Bistro
40.9814825,29.0373743,Orta Halli Restoran,Askeri Birlik-Sosyal Tesis
40.985515,29.099574,Orta Halli Restoran,Modern Pub & Bistro
40.9889965,29.0243143,Orta Halli Restoran,Geleneksel Meyhane
40.9537243,29.0899829,Orta Halli Restoran,Yeni Nesil Meyhane
40.9844189,29.0997786,Orta Halli Restoran,Geleneksel Meyhane
40.9868419,29.0254767,Orta Halli Restoran,Modern Pub & Bistro
40.9912299,29.1066403,Orta Halli Restoran,Kebap
40.9963688,29.0285632,Orta Halli Restoran,Fine Dining (D.Mutf-Şar.Evi)
40.964194,29.0708777,Zengin Restoran,Kebap
40.9620236,29.0732401,Zengin Restoran,Fine Dining (D.Mutf-Şar.Evi)
40.9593774,29.0852952,Zengin Restoran,Modern Pub & Bistro
40.963085,29.0758935,Orta Halli Restoran,Modern Pub & Bistro
41.00060556,29.10197653,Zengin Restoran,Kebap
40.9798668,29.0245161,Zengin Restoran,Tekne-Event Hall-Catering
40.9893261,29.0299026,Orta Halli Restoran,Modern Pub & Bistro
40.9871887,29.0316497,Orta Halli Restoran,Modern Pub & Bistro
40.9915128,29.1045612,Zengin Restoran,Kebap
40.95885,29.082108,Orta Halli Restoran,Modern Pub & Bistro
40.9921069,29.1044926,Orta Halli Restoran,Yeni Nesil Meyhane
40.9980833,29.0997517,Orta Halli Restoran,Modern Pub & Bistro
40.9874686,29.02787,Orta Halli Restoran,Modern Pub & Bistro
40.9943106,29.1240121,Orta Halli Restoran,Modern Pub & Bistro
40.9807104,29.0256834,Zengin Restoran,Modern Pub & Bistro
40.98724398,29.02679712,Orta Halli Restoran,Gece Kulübü
40.9897056,29.0283901,Zengin Restoran,Gece Kulübü
40.9572527,29.0805333,Zengin Restoran,Fine Dining (D.Mutf-Şar.Evi)
40.9712209,29.0385943,Orta Halli Restoran,Modern Pub & Bistro
40.9402108,29.1118211,Zengin Restoran,Balık
40.9703382,29.0384233,Orta Halli Restoran,Modern Pub & Bistro
40.9637705,29.0769118,Zengin Restoran,Balık
40.9907857,29.1177003,Zengin Restoran,Kebap
40.9881348,29.027911,Orta Halli Restoran,Geleneksel Meyhane
40.9856907,29.0274654,Zengin Restoran,Geleneksel Meyhane
41.0022454,29.0707334,Zengin Restoran,Modern Pub & Bistro
41.0328672,29.035526,Orta Halli Restoran,Kebap
40.987799,29.1241098,Orta Halli Restoran,Kebap
41.0037284,29.0708798,Orta Halli Restoran,Modern Pub & Bistro
40.9876433,29.1208229,Zengin Restoran,Balık
40.9871309,29.0854914,Zengin Restoran,Yeni Nesil Meyhane
40.9638281,29.0737649,Orta Halli Restoran,Modern Pub & Bistro
40.963231,29.0765351,Orta Halli Restoran,Geleneksel Meyhane
40.977909,29.0408458,Orta Halli Restoran,Balık
40.9566024,29.0881028,Orta Halli Restoran,Fine Dining (D.Mutf-Şar.Evi)
41.0084573,29.0390539,Orta Halli Restoran,Geleneksel Meyhane
40.97580232,29.05192282,Orta Halli Restoran,Modern Pub & Bistro
41.0504937,29.0523507,Zengin Restoran,Balık
41.0208292,29.0398489,Orta Halli Restoran,Modern Pub & Bistro
41.0010181,29.0541909,Orta Halli Restoran,Modern Pub & Bistro
41.0015766,29.106657,Orta Halli Restoran,Modern Pub & Bistro
40.9863334,29.0266749,Orta Halli Restoran,Geleneksel Meyhane
40.9866119,29.0265598,Orta Halli Restoran,Modern Pub & Bistro
40.98526714,29.10807587,Zengin Restoran,Kebap
41.0330047,29.0349006,Orta Halli Restoran,Tekne-Event Hall-Catering
40.9647743,29.0661925,Orta Halli Restoran,Balık
41.0721338,29.0581572,Orta Halli Restoran,Fine Dining (D.Mutf-Şar.Evi)
41.0443534,29.0447063,Orta Halli Restoran,Geleneksel Meyhane
40.98022619,29.10323081,Orta Halli Restoran,Kebap
40.9887349,29.0328459,Orta Halli Restoran,Geleneksel Meyhane
40.9852023,29.0984175,Orta Halli Restoran,Kebap
41.0121824,29.1794665,Zengin Restoran,Balık
40.999734,29.038539,Orta Halli Restoran,Modern Pub & Bistro
40.9640227,29.0654647,Orta Halli Restoran,Yeni Nesil Meyhane
40.991022,29.1414274,Zengin Restoran,Fine Dining (D.Mutf-Şar.Evi)
40.9858434,29.0987935,Orta Halli Restoran,Modern Pub & Bistro
41.044418,29.044411,Zengin Restoran,Kebap
40.9599874,29.0834645,Orta Halli Restoran,Kebap
40.9893924,29.027037,Orta Halli Restoran,Fine Dining (D.Mutf-Şar.Evi)
40.95342,29.093872,Zengin Restoran,Balık
40.990631,29.0307813,Orta Halli Restoran,Geleneksel Meyhane
40.98820602,29.1247,Orta Halli Restoran,Kebap
40.959392,29.080956,Orta Halli Restoran,Modern Pub & Bistro
40.959392,29.080956,Orta Halli Restoran,Modern Pub & Bistro
41.0008793,29.0541229,Orta Halli Restoran,Modern Pub & Bistro
40.967017,29.065785,Zengin Restoran,Kebap
40.9809299,29.0549959,Orta Halli Restoran,Kebap
41.0366571,29.0294973,Zengin Restoran,Balık
40.9541611,29.0949562,Zengin Restoran,Geleneksel Meyhane
40.9903027,29.0278792,Orta Halli Restoran,Tekne-Event Hall-Catering
41.011345,29.0393854,Zengin Restoran,Kebap
41.006923,29.033276,Orta Halli Restoran,Balık
40.956952,29.080761,Zengin Restoran,Balık
40.9979511,29.1000891,Orta Halli Restoran,Modern Pub & Bistro
40.956931,29.079165,Orta Halli Restoran,Modern Pub & Bistro
40.9573222,29.0868304,Zengin Restoran,Modern Pub & Bistro
40.9671712,29.0678094,Orta Halli Restoran,Modern Pub & Bistro
41.0007508,29.0544653,Orta Halli Restoran,Gece Kulübü
40.989689,29.024694,Orta Halli Restoran,Balık
40.9938857,29.1247608,Orta Halli Restoran,Modern Pub & Bistro
40.9872511,29.1115314,Orta Halli Restoran,Yeni Nesil Meyhane
40.9979342,29.0997846,Orta Halli Restoran,Modern Pub & Bistro
40.9995033,29.0389986,Orta Halli Restoran,Modern Pub & Bistro
40.9747164,29.0805561,Orta Halli Restoran,Kebap
40.9721826,29.074078,Orta Halli Restoran,Kebap
40.9887948,29.0245451,Orta Halli Restoran,Modern Pub & Bistro
41.0011658,29.054697,Orta Halli Restoran,Modern Pub & Bistro
40.9862781,29.0971064,Orta Halli Restoran,Balık
40.998046,29.0997962,Orta Halli Restoran,Modern Pub & Bistro
40.9877369,29.0249271,Orta Halli Restoran,Geleneksel Meyhane
41.0110511,29.0400924,Orta Halli Restoran,Geleneksel Meyhane
40.980526,29.0241054,Zengin Restoran,Balık
40.9677434,29.0659078,Orta Halli Restoran,Modern Pub & Bistro
40.9625062,29.0763625,Orta Halli Restoran,Modern Pub & Bistro
40.9529548,29.0948797,Zengin Restoran,Kebap
40.9940208,29.1225213,Orta Halli Restoran,Modern Pub & Bistro
40.9993987,29.1011158,Orta Halli Restoran,Kebap
40.9898532,29.0301897,Zengin Restoran,Geleneksel Meyhane
40.985789,29.025093,Orta Halli Restoran,Geleneksel Meyhane
40.9896746,29.0228178,Orta Halli Restoran,Tekne-Event Hall-Catering
41.036091,29.045432,Orta Halli Restoran,Askeri Birlik-Sosyal Tesis
41.0033468,29.0715215,Orta Halli Restoran,Modern Pub & Bistro
40.9595545,29.0729378,Zengin Restoran,Kebap
41.00101395,29.05460922,Orta Halli Restoran,Modern Pub & Bistro
40.987198,29.0256804,Orta Halli Restoran,Modern Pub & Bistro
40.9877773,29.0279797,Orta Halli Restoran,Gece Kulübü
40.98690708,29.02546909,Orta Halli Restoran,Modern Pub & Bistro
40.9889225,29.1258836,Orta Halli Restoran,Balık
41.0092079,29.0368035,Orta Halli Restoran,Pub & Bistro & Kokteyl Bar
41.0102423,29.0408989,Orta Halli Restoran,Modern Pub & Bistro
40.9874181,29.0260432,Orta Halli Restoran,Modern Pub & Bistro
41.0447682,29.0451754,Orta Halli Restoran,Balık
40.9861161,29.026541,Orta Halli Restoran,Modern Pub & Bistro
40.9542974,29.0943968,Zengin Restoran,Geleneksel Meyhane
40.9899222,29.0272294,Orta Halli Restoran,Modern Pub & Bistro
40.9677057,29.0680496,Orta Halli Restoran,Modern Pub & Bistro
40.9533162,29.0940484,Zengin Restoran,Balık
40.964843,29.061672,Zengin Restoran,Yeni Nesil Meyhane
41.0823229,29.0674705,Orta Halli Restoran,Balık
40.9714023,29.0411054,Zengin Restoran,Askeri Birlik-Sosyal Tesis
40.980752,29.0510745,Orta Halli Restoran,Kebap
40.98845806,29.02504575,Orta Halli Restoran,Modern Pub & Bistro
40.9875507,29.026243,Orta Halli Restoran,Modern Pub & Bistro
41.0095896,29.0404491,Orta Halli Restoran,Modern Pub & Bistro
40.96405672,29.06554844,Orta Halli Restoran,Yeni Nesil Meyhane
40.9899812,29.0224626,Orta Halli Restoran,Modern Pub & Bistro
40.9894593,29.0282307,Orta Halli Restoran,Geleneksel Meyhane
41.04475926,29.04485967,Orta Halli Restoran,Yeni Nesil Meyhane
40.9854172,29.0262608,Orta Halli Restoran,Modern Pub & Bistro
40.9886031,29.0238545,Orta Halli Restoran,Gece Kulübü
40.981549,29.022044,Orta Halli Restoran,Modern Pub & Bistro
40.9799229,29.0857738,Orta Halli Restoran,Modern Pub & Bistro
40.9648525,29.0659195,Orta Halli Restoran,Modern Pub & Bistro
40.98672137,29.02751846,Orta Halli Restoran,Modern Pub & Bistro
40.986788,29.026647,Orta Halli Restoran,Modern Pub & Bistro
40.99429788,29.11052573,Orta Halli Restoran,Modern Pub & Bistro
40.989454,29.027688,Orta Halli Restoran,Gece Kulübü
41.010915,29.0403627,Orta Halli Restoran,Geleneksel Meyhane
40.9925561,29.1211619,Orta Halli Restoran,Geleneksel Meyhane
40.9888887,29.024647,Orta Halli Restoran,Modern Pub & Bistro
40.9888887,29.024647,Zengin Restoran,Yeni Nesil Meyhane
40.9891221,29.0296956,Orta Halli Restoran,Geleneksel Meyhane
40.9901945,29.0276155,Orta Halli Restoran,Modern Pub & Bistro
40.9675086,29.0678569,Orta Halli Restoran,Modern Pub & Bistro
40.9891262,29.0219222,Orta Halli Restoran,Modern Pub & Bistro
40.9881728,29.0238288,Orta Halli Restoran,Modern Pub & Bistro
40.9901798,29.0247505,Orta Halli Restoran,Balık
40.9902406,29.0264639,Orta Halli Restoran,Modern Pub & Bistro
41.0109763,29.0401884,Orta Halli Restoran,Geleneksel Meyhane
40.9866243,29.0962375,Orta Halli Restoran,Kebap
40.9715883,29.0518182,Orta Halli Restoran,Kebap
40.9890331,29.0280011,Orta Halli Restoran,Modern Pub & Bistro
40.9814638,29.0230983,Orta Halli Restoran,Modern Pub & Bistro
40.97392,29.046129,Orta Halli Restoran,Modern Pub & Bistro
40.9889903,29.024002,Orta Halli Restoran,Geleneksel Meyhane
40.9876552,29.0279362,Orta Halli Restoran,Modern Pub & Bistro
41.0104011,29.0408698,Orta Halli Restoran,Geleneksel Meyhane
40.9604364,29.083382,Orta Halli Restoran,Pub & Bistro & Kokteyl Bar
40.998442,29.1000665,Orta Halli Restoran,Modern Pub & Bistro
40.9898979,29.027861,Orta Halli Restoran,Geleneksel Meyhane
40.9852811,29.0263714,Orta Halli Restoran,Modern Pub & Bistro
40.989027,29.022626,Orta Halli Restoran,Gece Kulübü
40.9855365,29.0254931,Orta Halli Restoran,Pub & Bistro & Kokteyl Bar
40.9903312,29.0270705,Orta Halli Restoran,Modern Pub & Bistro
40.9845543,29.0263054,Orta Halli Restoran,Modern Pub & Bistro
40.9764156,29.0415147,Orta Halli Restoran,Modern Pub & Bistro
40.9874534,29.0265305,Orta Halli Restoran,Modern Pub & Bistro
40.96932696,29.06414464,Orta Halli Restoran,Modern Pub & Bistro
41.0113889,29.0394444,Orta Halli Restoran,Geleneksel Meyhane
40.96289,29.074306,Orta Halli Restoran,Modern Pub & Bistro
40.9681655,29.0854863,Zengin Restoran,Balık
40.9786533,29.0729953,Zengin Restoran,Kebap
40.9646943,29.0660118,Zengin Restoran,Geleneksel Meyhane
40.9998617,29.0985879,Orta Halli Restoran,Geleneksel Meyhane
40.9899547,29.0278206,Orta Halli Restoran,Geleneksel Meyhane
40.98005298,29.08589112,Zengin Restoran,Balık
41.0446696,29.0447546,Orta Halli Restoran,Balık
40.9901552,29.0228296,Orta Halli Restoran,Modern Pub & Bistro
40.9887696,29.0245891,Orta Halli Restoran,Modern Pub & Bistro
40.9707712,29.067516,Orta Halli Restoran,Pub & Bistro & Kokteyl Bar
40.9895737,29.0261659,Orta Halli Restoran,Modern Pub & Bistro
40.9897907,29.0247929,Orta Halli Restoran,Geleneksel Meyhane
40.9828874,29.0651014,Orta Halli Restoran,Balık
40.9897796,29.0270202,Orta Halli Restoran,Modern Pub & Bistro
40.9900059,29.027728,Orta Halli Restoran,Modern Pub & Bistro
40.9937117,29.1230242,Orta Halli Restoran,Modern Pub & Bistro
40.9878066,29.0241656,Orta Halli Restoran,Modern Pub & Bistro
40.9876998,29.0257725,Orta Halli Restoran,Modern Pub & Bistro
40.9894445,29.0257401,Orta Halli Restoran,Modern Pub & Bistro
40.98766,29.0277271,Orta Halli Restoran,Modern Pub & Bistro
40.9888205,29.0245137,Orta Halli Restoran,Geleneksel Meyhane
40.9900172,29.0271549,Orta Halli Restoran,Modern Pub & Bistro
40.9883202,29.0249017,Orta Halli Restoran,Modern Pub & Bistro
40.9894368,29.0283431,Zengin Restoran,Geleneksel Meyhane
40.9647983,29.0587382,Orta Halli Restoran,Modern Pub & Bistro
40.9926377,29.1207998,Orta Halli Restoran,Geleneksel Meyhane
41.0081443,29.0387535,Orta Halli Restoran,Modern Pub & Bistro
40.9985644,29.0979852,Orta Halli Restoran,Modern Pub & Bistro
40.9828693,29.0327871,Orta Halli Restoran,Pub & Bistro & Kokteyl Bar
40.988348,29.02797,Orta Halli Restoran,Fine Dining (D.Mutf-Şar.Evi)
40.9881151,29.0236846,Orta Halli Restoran,Modern Pub & Bistro
40.974562,29.0534358,Orta Halli Restoran,Modern Pub & Bistro
40.952734,29.096458,Zengin Restoran,Kebap
40.9861746,29.0258585,Orta Halli Restoran,Modern Pub & Bistro
40.9896068,29.0261952,Orta Halli Restoran,Modern Pub & Bistro
40.9890777,29.0281464,Orta Halli Restoran,Modern Pub & Bistro
40.9890142,29.0239872,Orta Halli Restoran,Modern Pub & Bistro
40.9925381,29.1208145,Orta Halli Restoran,Yeni Nesil Meyhane
40.9995155,29.0984458,Orta Halli Restoran,Kebap
40.9697908,29.036513,Zengin Restoran,Tekne-Event Hall-Catering
40.9636207,29.0758657,Orta Halli Restoran,Modern Pub & Bistro
40.986732,29.025505,Orta Halli Restoran,Modern Pub & Bistro
40.9866745,29.0267402,Orta Halli Restoran,Modern Pub & Bistro
40.96705816,29.06332254,Orta Halli Restoran,Pub & Bistro & Kokteyl Bar
40.9886315,29.0238861,Orta Halli Restoran,Gece Kulübü
40.990841,29.030612,Orta Halli Restoran,Modern Pub & Bistro
40.9657673,29.0671592,Orta Halli Restoran,Yeni Nesil Meyhane
40.98201735,29.02327683,Orta Halli Restoran,Pub & Bistro & Kokteyl Bar
40.9881832,29.0235853,Orta Halli Restoran,Modern Pub & Bistro
40.989375,29.0299756,Orta Halli Restoran,Modern Pub & Bistro
40.989333,29.022439,Orta Halli Restoran,Modern Pub & Bistro
40.9884768,29.028089,Orta Halli Restoran,Modern Pub & Bistro
40.988599,29.0276076,Orta Halli Restoran,Modern Pub & Bistro
40.9903291,29.0272102,Orta Halli Restoran,Modern Pub & Bistro
40.9806471,29.024203,Orta Halli Restoran,Geleneksel Meyhane
40.9900566,29.0271532,Orta Halli Restoran,Modern Pub & Bistro
40.9808048,29.0391152,Orta Halli Restoran,Askeri Birlik-Sosyal Tesis
40.9601056,29.0835982,Zengin Restoran,Balık
40.9949393,29.1103295,Zengin Restoran,Modern Pub & Bistro
40.9632418,29.075727,Orta Halli Restoran,Modern Pub & Bistro
41.0035588,29.0714606,Orta Halli Restoran,Kebap
40.9983628,29.1000744,Orta Halli Restoran,Modern Pub & Bistro
40.9900081,29.027922,Orta Halli Restoran,Modern Pub & Bistro
40.9855027,29.0264864,Orta Halli Restoran,Modern Pub & Bistro
40.9672874,29.0671425,Orta Halli Restoran,Gece Kulübü
40.99184216,29.10522133,Orta Halli Restoran,Yeni Nesil Meyhane
41.07411511,29.05839834,Zengin Restoran,Balık
40.9820398,29.0229852,Orta Halli Restoran,Kebap
41.019395,29.053726,Orta Halli Restoran,Askeri Birlik-Sosyal Tesis
40.987835,29.0278014,Orta Halli Restoran,Modern Pub & Bistro
40.9739846,29.0814663,Orta Halli Restoran,Modern Pub & Bistro
40.9657417,29.06714771,Zengin Restoran,Yeni Nesil Meyhane
41.0264173,29.1281315,Orta Halli Restoran,Modern Pub & Bistro
41.0086561,29.0203144,Orta Halli Restoran,Askeri Birlik-Sosyal Tesis
41.0007302,29.0400954,Orta Halli Restoran,Modern Pub & Bistro
40.9593895,29.072899,Zengin Restoran,Kebap
40.9677181,29.0320309,Orta Halli Restoran,Askeri Birlik-Sosyal Tesis
40.9877314,29.0258039,Orta Halli Restoran,Modern Pub & Bistro
40.9796676,29.0445773,Orta Halli Restoran,Yeni Nesil Meyhane
40.976193,29.152312,Orta Halli Restoran,Modern Pub & Bistro
40.9614375,29.0842573,Zengin Restoran,Pub & Bistro & Kokteyl Bar
41.00247925,29.07082938,Orta Halli Restoran,Modern Pub & Bistro
40.9926314,29.1220825,Orta Halli Restoran,Tekne-Event Hall-Catering
40.9641155,29.0708583,Zengin Restoran,Geleneksel Meyhane
40.992591,29.1208583,Orta Halli Restoran,Kebap
40.9980422,29.0984391,Orta Halli Restoran,Gece Kulübü
40.9529371,29.0959161,Zengin Restoran,Modern Pub & Bistro
40.9912565,29.1054932,Orta Halli Restoran,Yeni Nesil Meyhane
40.9759908,29.0963006,Orta Halli Restoran,Modern Pub & Bistro
40.9781034,29.0784225,Zengin Restoran,Geleneksel Meyhane
40.9939742,29.1280809,Zengin Restoran,Fine Dining (D.Mutf-Şar.Evi)
40.9691735,29.1008672,Zengin Restoran,Kebap
40.990218,29.030819,Orta Halli Restoran,Modern Pub & Bistro
40.9714768,29.04441,Orta Halli Restoran,Askeri Birlik-Sosyal Tesis
40.9915052,29.1054394,Orta Halli Restoran,Gece Kulübü
40.9943212,29.1227428,Orta Halli Restoran,Yeni Nesil Meyhane
40.98622003,29.03313495,Orta Halli Restoran,Modern Pub & Bistro
40.98518286,29.10790052,Orta Halli Restoran,Gece Kulübü
40.99378974,29.11082882,Ucuz Restoran,Modern Pub & Bistro
40.9939723,29.1107022,Ucuz Restoran,Gece Kulübü
40.9979398,29.0997487,Ucuz Restoran,Modern Pub & Bistro
41.003936,29.0716763,Ucuz Restoran,Modern Pub & Bistro
41.0052358,29.1323303,Orta Halli Restoran,Kebap
40.95928168,29.08224081,Orta Halli Restoran,Modern Pub & Bistro
40.9526736,29.0948548,Zengin Restoran,Modern Pub & Bistro
40.9536517,29.0949226,Ucuz Restoran,Kebap
40.9886954,29.0237761,Ucuz Restoran,Modern Pub & Bistro
40.9643135,29.0656064,Ucuz Restoran,Modern Pub & Bistro
40.9865489,29.0256595,Ucuz Restoran,Modern Pub & Bistro
40.9681596,29.0953866,Ucuz Restoran,Kebap
40.9899651,29.14041,Ucuz Restoran,Kebap
40.9701299,29.0664112,Ucuz Restoran,Modern Pub & Bistro
40.9773315,29.0472949,Ucuz Restoran,Balık
40.9978085,29.1316974,Ucuz Restoran,Kebap
40.9875225,29.0268742,Ucuz Restoran,Modern Pub & Bistro
40.9900059,29.027728,Ucuz Restoran,Modern Pub & Bistro
40.9893643,29.0242514,Ucuz Restoran,Balık
40.9533574,29.0950219,Zengin Restoran,Modern Pub & Bistro
40.99087589,29.02440946,Ucuz Restoran,Balık
40.9900709,29.0277517,Ucuz Restoran,Geleneksel Meyhane
41.007177,29.17847862,Ucuz Restoran,Kebap
40.9678383,29.066076,Zengin Restoran,Geleneksel Meyhane
40.9896068,29.0261952,Ucuz Restoran,Modern Pub & Bistro
40.9885516,29.0236141,Ucuz Restoran,Modern Pub & Bistro
40.9872453,29.0270336,Ucuz Restoran,Modern Pub & Bistro
40.9902716,29.0248479,Ucuz Restoran,Balık
41.0027664,29.0437819,Ucuz Restoran,Modern Pub & Bistro
40.9876948,29.0257494,Ucuz Restoran,Modern Pub & Bistro
40.9876354,29.0265625,Ucuz Restoran,Modern Pub & Bistro
40.9894596,29.024534,Ucuz Restoran,Balık
40.989075,29.028056,Ucuz Restoran,Modern Pub & Bistro
40.9896027,29.0260988,Ucuz Restoran,Geleneksel Meyhane
40.9880262,29.0270841,Ucuz Restoran,Modern Pub & Bistro
40.987606,29.025947,Ucuz Restoran,Modern Pub & Bistro
40.9895483,29.0224171,Ucuz Restoran,Geleneksel Meyhane
40.9890862,29.0224672,Ucuz Restoran,Modern Pub & Bistro
40.9979056,29.0901331,Ucuz Restoran,Balık
40.9531671,29.0951489,Zengin Restoran,Kebap
41.0042782,29.0935024,Ucuz Restoran,Kebap
40.9891556,29.0239592,Ucuz Restoran,Geleneksel Meyhane
40.9860565,29.0264257,Ucuz Restoran,Modern Pub & Bistro
41.008951,29.039358,Zengin Restoran,Kebap
40.9887471,29.0240439,Ucuz Restoran,Modern Pub & Bistro
40.994028,29.025573,Ucuz Restoran,Geleneksel Meyhane
40.9887916,29.0245441,Ucuz Restoran,Modern Pub & Bistro
40.9892449,29.0243389,Ucuz Restoran,Kebap
40.9943522,29.0253073,Ucuz Restoran,Geleneksel Meyhane
40.98594466,29.02586263,Ucuz Restoran,Pub & Bistro & Kokteyl Bar
40.9550992,29.0946941,Ucuz Restoran,Geleneksel Meyhane
40.99242501,29.025612,Ucuz Restoran,Geleneksel Meyhane
40.988782,29.025674,Ucuz Restoran,Modern Pub & Bistro
40.9861504,29.0258813,Ucuz Restoran,Pub & Bistro & Kokteyl Bar
40.964035,29.067051,Ucuz Restoran,Geleneksel Meyhane
41.0211888,29.1189487,Ucuz Restoran,Geleneksel Meyhane
40.989434,29.027044,Ucuz Restoran,Geleneksel Meyhane
40.990963,29.0307636,Ucuz Restoran,Kebap
40.9894694,29.0243377,Ucuz Restoran,Modern Pub & Bistro
40.9888595,29.0282885,Ucuz Restoran,Modern Pub & Bistro
40.97283887,29.11917351,Ucuz Restoran,Kebap
40.988888,29.0244319,Ucuz Restoran,Modern Pub & Bistro
40.988888,29.0244319,Zengin Restoran,Geleneksel Meyhane
40.9884505,29.0235798,Ucuz Restoran,Modern Pub & Bistro
40.9909976,29.0307835,Ucuz Restoran,Modern Pub & Bistro
41.0366462,29.0300554,Ucuz Restoran,Askeri Birlik-Sosyal Tesis
40.99021467,29.02791804,Ucuz Restoran,Tekne-Event Hall-Catering
40.99360698,29.02567392,Ucuz Restoran,Askeri Birlik-Sosyal Tesis
40.9874673,29.0259148,Ucuz Restoran,Gece Kulübü
40.990321,29.027077,Ucuz Restoran,Modern Pub & Bistro
40.981544,29.0227054,Ucuz Restoran,Modern Pub & Bistro
41.0675468,29.0659485,Ucuz Restoran,Kebap
40.9932289,29.0253753,Ucuz Restoran,Geleneksel Meyhane
40.9927373,29.1193166,Ucuz Restoran,Balık
40.9880493,29.0284907,Ucuz Restoran,Modern Pub & Bistro
40.9892186,29.0281051,Ucuz Restoran,Geleneksel Meyhane
40.9891554,29.13534,Ucuz Restoran,Balık
40.9896703,29.0277383,Ucuz Restoran,Gece Kulübü
40.953538,29.0952559,Ucuz Restoran,Geleneksel Meyhane
40.987691,29.0269716,Ucuz Restoran,Modern Pub & Bistro
40.9826511,29.0505817,Ucuz Restoran,Modern Pub & Bistro
40.9895757,29.0246315,Ucuz Restoran,Balık
40.9751884,29.1540919,Ucuz Restoran,Modern Pub & Bistro
40.95346585,29.09486074,Ucuz Restoran,Yeni Nesil Meyhane
40.9905411,29.0251325,Ucuz Restoran,Balık
40.953292,29.0948727,Ucuz Restoran,Modern Pub & Bistro
40.9886259,29.023091,Ucuz Restoran,Geleneksel Birahane
40.989519,29.027918,Ucuz Restoran,Geleneksel Meyhane
40.96698,29.0632719,Ucuz Restoran,Balık
40.9889882,29.0275975,Ucuz Restoran,Modern Pub & Bistro
40.99081,29.0245223,Ucuz Restoran,Balık
40.99081,29.0245223,Ucuz Restoran,Balık
40.98977408,29.02784681,Ucuz Restoran,Modern Pub & Bistro
40.998218,29.090939,Ucuz Restoran,Geleneksel Birahane
40.98871,29.0239507,Ucuz Restoran,Pub & Bistro & Kokteyl Bar
40.990082,29.022655,Ucuz Restoran,Pub & Bistro & Kokteyl Bar
40.99181103,29.11653657,Ucuz Restoran,Modern Pub & Bistro
40.9641145,29.0741072,Zengin Restoran,Modern Pub & Bistro
40.9925617,29.1226334,Ucuz Restoran,Balık
40.9881307,29.0279819,Ucuz Restoran,Modern Pub & Bistro
40.9932894,29.0266163,Ucuz Restoran,Kebap
40.965005,29.066408,Ucuz Restoran,Balık
40.9879617,29.0238883,Ucuz Restoran,Modern Pub & Bistro
40.9894535,29.0282614,Ucuz Restoran,Geleneksel Meyhane
40.9860913,29.0264572,Ucuz Restoran,Modern Pub & Bistro
40.987802,29.027034,Ucuz Restoran,Modern Pub & Bistro
40.9932281,29.0253157,Ucuz Restoran,Kebap
41.00219357,29.09238763,Ucuz Restoran,Geleneksel Meyhane
40.9880377,29.0338043,Ucuz Restoran,Yeni Nesil Meyhane
40.97740384,29.14543301,Zengin Restoran,Geleneksel Meyhane
40.980155,29.021515,Ucuz Restoran,Modern Pub & Bistro
40.99119748,29.1054098,Ucuz Restoran,Gece Kulübü
41.02536204,29.03555484,Ucuz Restoran,Geleneksel Meyhane
40.987188,29.026985,Ucuz Restoran,Modern Pub & Bistro
40.9694592,29.0851273,Ucuz Restoran,Modern Pub & Bistro
40.9784706,29.1344256,Ucuz Restoran,Gece Kulübü
40.9890604,29.0274675,Ucuz Restoran,Modern Pub & Bistro
40.981307,29.022601,Ucuz Restoran,Modern Pub & Bistro
41.0047452,29.0947973,Ucuz Restoran,Geleneksel Birahane
40.98987198,29.02775796,Ucuz Restoran,Modern Pub & Bistro
41.0069968,29.1177188,Ucuz Restoran,Yeni Nesil Meyhane
40.95342369,29.09490623,Ucuz Restoran,Geleneksel Meyhane
40.9538641,29.0939875,Zengin Restoran,Modern Pub & Bistro
40.9931253,29.0259033,Ucuz Restoran,Geleneksel Birahane
41.024382,29.013062,Ucuz Restoran,Geleneksel Meyhane
40.97620602,29.04132816,Ucuz Restoran,Modern Pub & Bistro
40.9810075,29.1126571,Ucuz Restoran,Kebap
41.0393852,29.0350398,Ucuz Restoran,Askeri Birlik-Sosyal Tesis
40.982604,29.03944,Ucuz Restoran,Modern Pub & Bistro
40.9904609,29.025077,Ucuz Restoran,Balık
40.974198,29.113532,Ucuz Restoran,Geleneksel Birahane
40.98917994,29.02787671,Ucuz Restoran,Modern Pub & Bistro
41.0063557,29.0964016,Ucuz Restoran,Geleneksel Birahane
40.9886152,29.02366089,Ucuz Restoran,Modern Pub & Bistro
40.98711061,29.02605394,Ucuz Restoran,Modern Pub & Bistro
40.98803272,29.02510182,Zengin Restoran,Modern Pub & Bistro
40.9893966,29.02560338,Ucuz Restoran,Modern Pub & Bistro
40.9884896,29.0279273,Ucuz Restoran,Modern Pub & Bistro
40.9894352,29.0259747,Ucuz Restoran,Modern Pub & Bistro
40.99039,29.0252614,Ucuz Restoran,Modern Pub & Bistro
40.98015603,29.02319496,Ucuz Restoran,Askeri Birlik-Sosyal Tesis
41.0082898,29.0362655,Zengin Restoran,Kebap
41.018625,29.0600858,Zengin Restoran,Tekne-Event Hall-Catering
40.96673765,29.06783033,Ucuz Restoran,Modern Pub & Bistro
40.99043332,29.14069623,Zengin Restoran,Modern Pub & Bistro
40.9815818,29.1324978,Ucuz Restoran,Modern Pub & Bistro
40.9946557,29.0296116,Ucuz Restoran,Modern Pub & Bistro
40.99857088,29.10021733,Ucuz Restoran,Fine Dining (D.Mutf-Şar.Evi)
40.97516342,29.15399395,Ucuz Restoran,Modern Pub & Bistro
40.9891048,29.0239471,Ucuz Restoran,Modern Pub & Bistro
40.99404255,29.1110139,Ucuz Restoran,Modern Pub & Bistro
40.97585649,29.15383905,Ucuz Restoran,Modern Pub & Bistro
40.9939804,29.1195685,Ucuz Restoran,Modern Pub & Bistro
40.978132,29.120624,Ucuz Restoran,Modern Pub & Bistro
40.9897,29.026566,Ucuz Restoran,Modern Pub & Bistro
40.97549173,29.15382665,Ucuz Restoran,Modern Pub & Bistro
40.95332038,29.09508727,Ucuz Restoran,Modern Pub & Bistro
41.008961,29.036493,Ucuz Restoran,Balık
41.0327217,29.0245849,Ucuz Restoran,Yeni Nesil Meyhane
41.0211626,29.1190085,Ucuz Restoran,Kebap
40.989535,29.0275841,Ucuz Restoran,Modern Pub & Bistro
40.98757351,29.02526069,Ucuz Restoran,Modern Pub & Bistro
40.9812133,29.0889067,Ucuz Restoran,Modern Pub & Bistro
40.9869709,29.0351775,Ucuz Restoran,Askeri Birlik-Sosyal Tesis
40.9650693,29.0664413,Ucuz Restoran,Balık
41.0257488,28.9809989,Ucuz Restoran,Tekne-Event Hall-Catering
40.993296,29.039648,Ucuz Restoran,Geleneksel Meyhane
41.022934,29.036102,Ucuz Restoran,Geleneksel Meyhane
40.97790376,29.14525263,Ucuz Restoran,Gece Kulübü
40.9883847,29.0281424,Ucuz Restoran,Gece Kulübü
40.986732,29.0265448,Ucuz Restoran,Gece Kulübü
40.991043,29.0193145,Ucuz Restoran,Tekne-Event Hall-Catering
40.99145321,29.0263441,Ucuz Restoran,Askeri Birlik-Sosyal Tesis
40.9932885,29.0254687,Ucuz Restoran,Geleneksel Birahane
40.989086,29.022629,Ucuz Restoran,Askeri Birlik-Sosyal Tesis
41.014199,29.191148,Ucuz Restoran,Yeni Nesil Meyhane
41.0241886,29.107248,Ucuz Restoran,Geleneksel Meyhane
40.9806858,29.0237191,Ucuz Restoran,Modern Pub & Bistro
41.02495513,29.01357633,Ucuz Restoran,Geleneksel Birahane
40.980592,29.1122195,Ucuz Restoran,Geleneksel Meyhane
40.973517,29.114796,Ucuz Restoran,Geleneksel Birahane
40.9932197,29.0262793,Ucuz Restoran,Kebap
40.97474298,29.11325688,Ucuz Restoran,Geleneksel Birahane
41.00492,29.094756,Ucuz Restoran,Kebap
40.99446914,29.02545614,Ucuz Restoran,Askeri Birlik-Sosyal Tesis
41.0155894,28.9774547,Ucuz Restoran,Tekne-Event Hall-Catering
41.00188222,29.09190313,Ucuz Restoran,Kebap
40.97875401,29.11365216,Ucuz Restoran,Askeri Birlik-Sosyal Tesis
40.9909164,29.0306138,Ucuz Restoran,Modern Pub & Bistro
40.97849783,29.13468841,Ucuz Restoran,Geleneksel Meyhane
41.0005912,29.1823558,Ucuz Restoran,Askeri Birlik-Sosyal Tesis
40.9797776,29.0445153,Ucuz Restoran,Yeni Nesil Meyhane
40.957369,29.0806522,Zengin Restoran,Modern Pub & Bistro
40.99065678,29.0307441,Ucuz Restoran,Geleneksel Meyhane
40.9939439,29.1209969,Orta Halli Restoran,Modern Pub & Bistro
40.9865361,29.0265045,Ucuz Restoran,Modern Pub & Bistro
40.98986,29.026167,Ucuz Restoran,Gece Kulübü
41.0142954,29.056328,Orta Halli Restoran,Modern Pub & Bistro
41.1130628,29.0211062,Zengin Restoran,Gece Kulübü
40.9955444,29.029013,Ucuz Restoran,Modern Pub & Bistro
40.9676974,29.1020546,Zengin Restoran,Balık
41.02069995,29.03866835,Ucuz Restoran,Modern Pub & Bistro
41.0018138,29.0992663,Ucuz Restoran,Geleneksel Birahane
40.98666376,29.026713,Orta Halli Restoran,Modern Pub & Bistro
40.95352937,29.09469824,Ucuz Restoran,Yeni Nesil Meyhane
40.957578,29.0810371,Orta Halli Restoran,Pub & Bistro & Kokteyl Bar
40.9982366,29.1005474,Zengin Restoran,Gece Kulübü
40.99834593,29.10065252,Zengin Restoran,Yeni Nesil Meyhane
41.0646859,28.9791903,Ucuz Restoran,Kebap
40.98820494,29.0235466,Ucuz Restoran,Modern Pub & Bistro
40.98818,29.0235717,Ucuz Restoran,Modern Pub & Bistro
40.989374,29.025604,Ucuz Restoran,Modern Pub & Bistro
40.988797,29.027536,Ucuz Restoran,Modern Pub & Bistro
41.037144,29.115447,Orta Halli Restoran,Balık
40.9882302,29.0236757,Ucuz Restoran,Modern Pub & Bistro
40.9645701,29.0657282,Orta Halli Restoran,Modern Pub & Bistro
40.98453213,29.04210763,Ucuz Restoran,Geleneksel Meyhane
40.9566276,29.0804938,Zengin Restoran,Yeni Nesil Meyhane
40.9978371,29.0999816,Zengin Restoran,Geleneksel Meyhane
40.9908866,29.1163473,Zengin Restoran,Geleneksel Meyhane
40.988956,29.028095,Ucuz Restoran,Modern Pub & Bistro
40.9679028,29.0792387,Zengin Restoran,Modern Pub & Bistro
40.9896436,29.0223773,Ucuz Restoran,Askeri Birlik-Sosyal Tesis
40.9932789,29.0257972,Ucuz Restoran,Geleneksel Birahane
40.9612325,29.0749202,Zengin Restoran,Modern Pub & Bistro
40.9755219,29.1539956,Ucuz Restoran,Modern Pub & Bistro
41.00061112,29.03737452,Zengin Restoran,Modern Pub & Bistro
40.9680594,29.0573624,Orta Halli Restoran,Fine Dining (D.Mutf-Şar.Evi)
40.9900329,29.02247172,Ucuz Restoran,Pub & Bistro & Kokteyl Bar
40.986593,29.02653,Orta Halli Restoran,Modern Pub & Bistro
40.219466,28.97239,Ucuz Restoran,Modern Pub & Bistro
40.981113,29.11272548,Ucuz Restoran,Geleneksel Birahane
40.9599512,29.080903,Ucuz Restoran,Modern Pub & Bistro
40.9559838,29.0890465,Zengin Restoran,Modern Pub & Bistro
41.031778,28.9794076,Orta Halli Restoran,Modern Pub & Bistro
40.9840138,29.0332884,Zengin Restoran,Fine Dining (D.Mutf-Şar.Evi)
40.98903793,29.02402074,Orta Halli Restoran,Gece Kulübü
40.9382078,29.1131741,Zengin Restoran,Kebap
40.9761376,29.0412985,Zengin Restoran,Balık
40.9938954,29.1027741,Ucuz Restoran,Kebap
40.99041307,29.02528882,Ucuz Restoran,Geleneksel Meyhane
40.9569915,29.0803291,Zengin Restoran,Kebap
40.9923241,29.0255717,Zengin Restoran,Geleneksel Meyhane
40.96465639,29.06574055,Orta Halli Restoran,Pub & Bistro & Kokteyl Bar
41.00511775,29.13207125,Orta Halli Restoran,Geleneksel Birahane
40.9893866,29.14076362,Zengin Restoran,Pub & Bistro & Kokteyl Bar
40.9907408,29.11721751,Zengin Restoran,Balık
40.952601,29.0968296,Zengin Restoran,Balık
40.9603788,29.0801808,Zengin Restoran,Pub & Bistro & Kokteyl Bar
40.9897214,29.0284213,Zengin Restoran,Gece Kulübü
40.9889039,29.0243905,Ucuz Restoran,Pub & Bistro & Kokteyl Bar
40.9402163,29.1119331,Zengin Restoran,Yeni Nesil Meyhane
40.9651252,29.0662948,Zengin Restoran,Geleneksel Meyhane
40.9732494,29.0408201,Zengin Restoran,Geleneksel Meyhane
40.9762072,29.0473106,Zengin Restoran,Geleneksel Meyhane
